My Brand,My Product,Matched Name
STIIIZY,STIIIZY: FRUIT PUNCH SPLASH GUMMY HYBRID 100MG,- FRUIT PUNCH SPLASH - Gummies 100mg THC Edibles
STIIIZY,STIIIZY: MANGO TANGO GUMMY SATIVA 100MG,- MANGO TANGO - Gummies 100mg THC Edibles
STIIIZY,STIIIZY: PINEAPPLE PARADISE GUMMY HYBRID 100MG,- PINEAPPLE PARADISE - Gummies 100mg THC Edibles
STIIIZY,STIIIZY: SOUR APPLE GUMMY HYBRID 100MG,- SOUR APPLE - Gummies 100mg THC Edibles
STIIIZY,STIIIZY: WATERMELON WAVE GUMMY HYBRID 100MG,- WATERMELON WAVE - Gummies 100mg THC Edibles
STIIIZY,STIIIZY: MIDNIGHT BERRY 2:1 THCCBN GUMMY INDICA 150MG,- MIDNIGHT BERRY - Gummies 2:1 THC:CBN Edibles
STIIIZY,STIIIZY: 150MG WHITE BERRY 2:1 THCCBN GUMMY INDICA 100MG,- WHITE BERRY - Gummies 2:1 THC:CBN Edibles
STIIIZY,1G BISCOTTI 40'S INFUSED PREROLL BY STIIIZY,- BISCOTTI - 1G 40's Infused Preroll
STIIIZY,STIIIZY: DIAMOND OG DIAMONDS INDICA 1G,- DIAMOND OG - Live Resin Diamonds
STIIIZY,STIIIZY: RAINBOW CAKE DIAMONDS INDICA 1G,- RAINBOW CAKE - Live Resin Diamonds
STIIIZY,STIIIZY: RAINBOW MINTZ CURATED LIVE RESIN INDICA 1G,- RAINBOW MINTZ - Live Resin
STIIIZY,STIIIZY: SOUR BELTS DIAMONDS SATIVA 1G,- SOUR BELTZ - Crushed Diamonds
STIIIZY,STIIIZY: SOUR PUNCH CURATED LIVE RESIN HYBRID 1G,- SOUR PUNCH - Live Resin
STIIIZY,STIIIZY: TRIANGLE MINTZ CURATED SAUCE LIVE RESIN INDICA 1G,- TRIANGLE MINTZ - Live Resin Diamonds
710 LABS,710 LABS: BIESEL TIER 3 LIVE ROSIN BADDER SATIVA 1G,710 Labs Biesel T3 Live Rosin Badder 1g
710 LABS,710 LABS: BRITNEY'S FROZEN LEMONS #5 + CAKE CRASHER RSO HYBRID 1G,710 Labs Britney's Frozen Lemons #5 + Cake Crasher RSO 1g
710 LABS,710 LABS: BRITNEY'S FROZEN LEMONS #5 SATIVA 14G,Britney's Frozen Lemons #5 Flower 14g
710 LABS,710 LABS: DONNY BURGER + RANDY WATZON #13 RSO INDICA 1G,710 Labs Donny Burger + Randy Watzon #13 RSO 1g
710 LABS,710 LABS: FAUX FAUNA F2 #5 LIVE ROSIN ALL-IN-ONE INDICA 1G,Faux Fauna #5 Live Rosin AIO 1g
710 LABS,710 LABS: GARLIC COCKTAIL #7 TIER 3 LIVE ROSIN BADDER INDICA 1G,710 Labs Garlic Cocktail #7 T3 Live Rosin Badder 1g
710 LABS,710 LABS: GRAPEFRUIT OG TIER 2 LIVE ROSIN BADDER INDICA 1G,710 Labs Grapefruit OG Persy Rosin Badder 1g
710 LABS,710 LABS: GREASE BUCKET #9 TIER 3 LIVE ROSIN BADDER INDICA 1G,710 Labs Grease Bucket #9 T3 Live Rosin Badder 1g
710 LABS,710 LABS: JACKSON HEIGHTZ LIVING SOIL PERSY BUCKET LIVE ROSIN BADDER INDICA 2.5G,710 Labs Jackson Heightz + Super Freak T2 Live Rosin
710 LABS,710 LABS: LEMON TART PUCKER #1 SATIVA 3.5G,Lemon Tart Pucker #1 Flower | 3.5g
710 LABS,710 LABS: LOVERS LANE #12 LIVE ROSIN ALL-IN-ONE INDICA 1G,Labs Lovers Lane #12 Live Rosin AIO 1g
710 LABS,710 LABS: LUNARZ PERSY LIVE ROSIN BADDER INDICA 1G,710 Labs Lunar Z Persy Rosin Badder 1g
710 LABS,710 LABS: MELON SODA #24 + RAMBUTAN #1 PERSY LIVE ROSIN BADDER HYBRID 1G,710 Labs Melon Soda #24 T1 Live Rosin Badder 1g
710 LABS,710 LABS: PIELATTI TIER 2 LIVE ROSIN BADDER INDICA 1G,710 Labs Pielatti T2 Live Rosin Badder 1g
710 LABS,710 LABS: QUEENS ZUGAR COOKIE #9 LIVE ROSIN ALL-IN-ONE HYBRID 1G,Queens Zugar Cookie #9 Live Rosin AIO 1g
710 LABS,710 LABS: RANDY WATZON #13 INDICA 3.5G,710 Labs Randy Watzon #13 (I/H) Flower 3.5g
710 LABS,710 LABS: RICK JAMEZ #3 PERSY LIVE ROSIN INDICA 1G,710 Labs Rick Jamez #3 Persy Rosin 1g
710 LABS,710 LABS: SUNDAE DRIVER PERSY LIVE ROSIN SAUCE INDICA 1G,Sundae Driver Persy Live Rosin | 1g
710 LABS,710 LABS: Z CUBED #5 + ZKYSCRAPERZ #2 RSO INDICA 1G,710 Labs Z Cubed #5 + Zkyscraperz #2 RSO 1g
710 LABS,710 LABS: ZKYSCRAPERZ #10 LIVE ROSIN ALL-IN-ONE INDICA 1G,710 Labs ZkyscraperZ #10 Live Rosin AIO 1g
BAGGIE BUDS,BAGGIE BUDS: TANGIE SATIVA 3.5G,Tangie
BLEM,BLEM: APPLE TING HYBRID 3.5G,BLEM APPLE TING 3.5g
BLEM,BLEM: BAX JUICE HYBRID 10G,BLEM BAX JUICE 10g
BLEM,BLEM: BAX JUICE HYBRID 3.75G PREROLL 5 PACK,BLEM BAX JUICE 5-Pack Pre-Rolls
BLEM,BLEM: BLU BERI HYBRID 3.5G,BLEM BLUBERI 3.5g
BLEM,BLEM: GWAVA HYBRID 3.5G,BLEM GWAVA 3.5g
BLEM,BLEM: ICE KREAM HYBRID 3.5G,BLEM ICE KREAM 3.5g
BLEM,BLEM: TANGIE TING SATIVA 10G,BLEM TANGIE TING 10g
BLEM,BLEM: TANGIE TING SATIVA .75G PREROLL,BLEM TANGIE TING FORM .75g Pre-Roll
CLSICS,CLSICS: CACTUS CRUSH LIVE ROSIN ALL-IN-ONE SATIVA 1G,Cactus Crush - LIVE ROSIN ALL IN ONE VAPE 1g
DIME BAG,DIME BAG: GELATO 33 HYBRID 3.5G,Dime Bag | Gelato 33 Hybrid (3.5g)
DIME BAG,DIME BAG: GRAPE Z HYBRID 2.5G PREROLL 5 PACK,Dime Bag | Grape Z Hybrid 5pk Pre-Roll (2.5g)
DIME BAG,DIME BAG: GREEN CRACK CARTRIDGE SATIVA 1G,Dime Bag | Green Crack Vape Cartridge (1g)
DIME BAG,DIME BAG: LIMONCELLO SATIVA 3.5G,Dime Bag | Limoncello Sativa (3.5g)
DIME BAG,DIME BAG: MOONSHINE HAZE SATIVA 2.5G PREROLL 5 PACK,Dime Bag | Moonshine Haze Sativa Pre-Rolls 5-Pack (2.5g)
DOMPEN,DOMPEN: CHAMOMILE 12:1 CBD/THC ALL-IN-ONE CBD 1G,dompen��� Chamomile (12:1) - 1G Disposable
WYLD,WYLD: ELDERBERRY 2:1 CBN INDICA 100MG 10 PACK,Elderberry 2:1 CBN + Indica Enhanced Gummies
EMERALD SKY,EMERALD SKY: HYBRID PEANUT BUTTER CUPS HYBRID 100MG 10 PACK,Emerald Sky Dark Chocolate Peanut Butter Cups - Hybrid 100mg 10pk
EMERALD SKY,EMERALD SKY: INDICA PEANUT BUTTER CUPS INDICA 100MG 10 PACK,Emerald Sky Dark Chocolate Peanut Butter Cups - Indica 100mg 10pk
EMERALD SKY,EMERALD SKY: SATIVA PEANUT BUTTER CUPS SATIVA 100MG 10 PACK,Emerald Sky Dark Chocolate Peanut Butter Cups - Sativa 100mg 10pk
FIG FARMS,FIG FARMS: BLUE FACE INDICA 3.5G,Blue Face
FIG FARMS,FIG FARMS: BLUE FACE RAINBOW BELTS HYBRID 3.5G,Blue Face Rainbow Belts
FIG FARMS,FIG FARMS: CRANBERRY COOKIE DOUGH HYBRID 3.5G,Cranberry Cookie Dough
FIG FARMS,FIG FARMS: JELLY ZAPPERS HYBRID 3.5G,Jelly Zappers
FIG FARMS,FIG FARMS: KRYPTOCHRONIC #1 HYBRID 3.5G,Krypto Chronic 1
FLAVORADE,FLAVORADE: FLORA & FLAME AFGHANI GUSHERS CARTRIDGE INDICA 1G,Flavorade x Flora & Flame | Afghani Gushers | Vape Cart | 1g
FLAVORADE,FLAVORADE: FLORA & FLAME SUPER SILVER GUSHERS CARTRIDGE HYBRID 1G,Flavorade x Flora & Flame | Super Silver Gushers | Vape Cart | 1g
FLAVORADE,FLAVORADE: L.A. FAMILY FARMS FUN DIP INDICA 1G,Flavorade x LA Family Farms | Fun Dip | Vape Cart | 1g
FLAVORADE,FLAVORADE: L.A. FAMILY FARMS OZ KUSH CARTRIDGE INDICA 1G,Flavorade x LA Family Farms | OZ Kush | Vape Cart | 1g
FLAVORADE,FLAVORADE: NO TILL KINGS JACK THE RIPPER CARTRIDGE SATIVA 1G,Flavorade x No Till Kings | Jack the Ripper | Vape Cart | 1g
FLAVORADE,FLAVORADE: PREFERRED GARDENS HELIUM CARTRIDGE INDICA 1G,Flavorade x Preferred Gardens | Helium | Vape Cart | 1g
GOLD STANDARD,GOLD STANDARD: HEIR HEADS HYBRID 3.5G,GOLD STANDARD | HEIR HEADS | 3.5G
GOLD STANDARD,GOLD STANDARD: LEMON CHERRY SHERBET INDICA 3.5G,GOLD STANDARD | LEMON CHERRY SHERBERT | 3.5G
HEAVY HITTERS,HEAVY HITTERS: HARDCORE OG DIAMOND INFUSED INDICA 2.5G PREROLL 5 PACK,Hardcore OG - Diamond Infused Pre-Rolls | 2.5G 5-Pack
HEAVY HITTERS,HEAVY HITTERS: MIDNIGHT CHERRY THC:CBN INDICA 100MG 5 PACK,Midnight Cherry | Indica - Lights Out CBN Sleep Elixir
HIGHATUS,HIGHATUS: L'ORANGE GUMMY SATIVA 100MG 10 PACK,L'Orange Sour Gummy
HIGHATUS,HIGHATUS: PINEAPPLE GUMMY HYBRID 100MG 10 PACK,Pineapple Sour Gummy
HIGHATUS,HIGHATUS: WATERMELON GUMMY INDICA 100MG 10 PACK,Watermelon Sour Gummy
HOTBOX,HOTBOX: ASTROBERRY SATIVA 3.5G,HOTBOX | Astro Berry Sativa (3.5 g or 1/8th) Indoor Flower
HOTBOX,HOTBOX: KUSH CREAM HYBRID 1G PREROLL,HOTBOX | Kush Cream Hybrid Preroll (1g)
HOTBOX,HOTBOX: KUSH CREAM SMALLS HYBRID 7G,HOTBOX | Kush Cream Hybrid Minis (7g or 1/4 oz) Indoor Flower
WYLD,WYLD: HUCKLEBERRY HYBRID 100MG 10 PACK,Huckleberry CBD Gummies | 10-Pack
JOOST,JOOST: ORIGINAL RECIPE LIVE RESIN ALL-IN-ONE HYBRID 1G,JOOST ~ Original Recipe ~ Hybrid ~ 100% Live Resin All-In-One Vape
KANHA,KANHA: BLUE RASPBERRY HYBRID 100MG 10 PACK,KANHA | Blue Raspberry | Hybrid | 100mg THC | 10-pack
KANHA,KANHA: FLOAT MINIS CHOCOLATE BITES CBG INDICA 150MG 25 PACK,KANHA | 2:1 THC:CBG | Minis | FLOAT | Indica | 25-pack
KANHA,KANHA: MANGO INDICA 100MG 10 PACK,KANHA | Mango | Indica | 100mg THC | 10-pack
KANHA,KANHA: PINEAPPLE SATIVA 100MG 10 PACK,KANHA | Pineapple | Sativa | 100mg THC | 10-pack
KANHA,KANHA: SOUR CHERRY LIMEADE NANO SOLVENTLESS BELTS SATIVA 100MG 2 PACK,KANHA | Belts | Sour Cherry Limeade | Sativa | 100mg THC | 2-pack
KANHA,KANHA: SOUR STRAWBERRY LEMONADE NANO SOLVENTLESS BELTS INDICA 100MG 2 PACK,KANHA | Belts | Sour Strawberry Lemonade | Indica | 100mg THC | 2-pack
KANHA,KANHA: STRAWBERRY INDICA 100MG 10 PACK,KANHA | Strawberry | Indica | 100mg THC | 10-pack
KANHA,KANHA: WATERMELON HYBRID 100MG 10 PACK,KANHA | Watermelon | Hybrid | 100mg THC | 10-pack
LIFT TICKETS,LIFT TICKETS: XJ-13 SATIVA 2.5G PREROLL 5 PACK,XJ-13 - Infused Pre-Roll 5-Pack
WYLD,WYLD: MARIONBERRY INDICA 100MG 10 PACK,Marionberry Indica Enhanced Gummies
MOUNTAIN MAN MELTS,MOUNTAIN MAN MELTS: GMOZ LIVE ROSIN BADDER INDICA 1G,GMOZ - Live Rosin
MOUNTAIN MAN MELTS,MOUNTAIN MAN MELTS: LEMON SPRITZER LIVE ROSIN BADDER SATIVA 1G,Lemon Spritzer - Live Rosin
MOUNTAIN MAN MELTS,MOUNTAIN MAN MELTS: SUPER BOOF LIVE ROSIN BADDER SATIVA 1G,Super Boof - Live Rosin
MOUNTAIN MAN MELTS,MOUNTAIN MAN MELTS: TRIPLE CAKE LIVE ROSIN BADDER INDICA 1G,Triple Cake - Live Rosin
MOUNTAIN MAN MELTS,MOUNTAIN MAN MELTS: ZEALOUSY LIVE ROSIN BADDER INDICA 1G,Zealousy - Live Rosin
Wyld,WYLD: PEAR 1:1 CBG HYBRID 200MG 10 PACK,Pear CBD + CBG Gummies | 10-Pack
RAW GARDEN,RAW GARDEN: BLUEBERRY FRITTERY DIAMONDS HYBRID 1G,Blueberry Fritter Refined Live Resin��� Diamonds
RAW GARDEN,RAW GARDEN: BLUEBERRY MUFFINS CARTRIDGE INDICA 1G,Blueberry Muffins Live Resin
RAW GARDEN,RAW GARDEN: CHEM BREATH DIAMONDS INDICA 1G,Chem Breath Live Resin
RAW GARDEN,RAW GARDEN: CHEM DIESEL LIVE RESIN BADDER SATIVA 1G,Chem Diesel Live Badder
RAW GARDEN,RAW GARDEN: CHERRY PIE DIESEL LIVE RESIN SAUCE INDICA 1G,Cherry Pie Diesel Live Resin
RAW GARDEN,RAW GARDEN: CHOCOLATE CHERRIES CRUSHED DIAMOND INFUSED INDICA 1.5G PREROLL 3 PACK,Chocolate Cherries Refined Live Resin��� Crushed Diamonds
RAW GARDEN,RAW GARDEN: HELLA MUFFINS ALL-IN-ONE HYBRID .5G,Hella Muffins 0.5G Ready-to-Use Refined Live Resin��� Pen
RAW GARDEN,RAW GARDEN: KIMBO DREAM LIVE RESIN HYBRID 1G,Kimbo Dream Live Resin
RAW GARDEN,RAW GARDEN: MOON WALKER OG LIVE RESIN BADDER INDICA 1G,Moonwalker OG Live Badder
RAW GARDEN,RAW GARDEN: OG KUSH LIVE RESIN BADDER HYBRID 1G,OG Kush Live Badder
RAW GARDEN,RAW GARDEN: PARADISE CHASER CARTRIDGE HYBRID 1G,Paradise Chaser Live Resin
RAW GARDEN,RAW GARDEN: SECRET FIRE LIVE RESIN BADDER INDICA 1G,Secret Fire Live Badder
RAW GARDEN,RAW GARDEN: SHERBERT GLUE LIVE RESIN INDICA 1G,Sherbert Glue Live Resin
RAW GARDEN,RAW GARDEN: STRAWBERRY MOSCATO 1:1 THC/CBD CARTRIDGE CBD 1G,Strawberry Moscato Refined Live Resin��� CBD 1:1 Cartridge
RAW GARDEN,RAW GARDEN: TRE FLIP KUSH DIAMONDS INDICA 1G,Tre Flip Kush Live Resin
ROVE,ROVE: SKYWALKER CARTRIDGE INDICA 1G,Skywalker Cartridge | ROVE Classics | 1g
SEED JUNKY,SEED JUNKY: GELLO SHOTZ SMALLS SATIVA 14G,GELLO SHOTZ SMALLS- 14G
SEED JUNKY,SEED JUNKY: MALIBU HYBRID 14G,MALIBU SMALLS - 14G
SEED JUNKY,SEED JUNKY: PURPLE PUSH POP INDICA 14G,PURPLE PUSH POP SMALLS - 14g
SOLIS,SOLIS: BLUE DREAM SATIVA 28G,Blue Dream | Jarred Flower (28g) | Sativa
SOLIS,SOLIS: ELEPHANTS GROWTH 41 HYBRID 28G,Elephants 41 | Jarred Flower (28g) | Hybrid
Wyld,WYLD: SOUR GREEN APPLE SATIVA 100MG 10 PACK,Sour Apple Sativa Enhanced Gummies
Wyld,100MG SOUR CHERRY INDICA GUMMIES BY WYLD,Sour Cherry Indica Enhanced Gummies
ST IDES,ST IDES: BLUE RAZZ SHOT HYBRID 100MG,Blue Razz 100mg Shot
ST IDES,ST IDES: HIGH PUNCH TEA HYBRID 100MG,High Punch
ST IDES,ST IDES: STRAWBERY LEMONADE SHOT HYBRID 100MG,Strawberry Lemonade 100mg Shot
ST IDES,ST IDES: WILD RASPBERRY TEA HYBRID 100MG,Wild Raspberry High Tea
STIIIZY,STIIIZY: ACAI BERRY LIVE RESIN DIAMONDS SATIVA 1G,- ACAI BERRY - Live Resin Diamonds
STIIIZY,STIIIZY: BLUE DREAM POD SATIVA 1G,- Blue Dream - STIIIZY Starter Pack 1G Pod
STIIIZY,STIIIZY: KING LOUIS XIII INFUSED 40'S INDICA 7G,- KING LOUIS XIII - 7G 40's Infused Flower
STIIIZY,STIIIZY: ORANGE CREAMSICLE LIVE RESIN SAUCE SATIVA 1G,- ORANGE CREAMSICLE - Live Resin
STIIIZY,STIIIZY: PEANUT BUTTER GELATO GREY INDICA 3.5G,- PEANUT BUTTER GELATO - 3.5G Grey Label Mylar
STIIIZY,STIIIZY: PINEAPPLE EXPRESS LIIIL ALL-IN-ONE HYBRID 0.5G,Vape - PINEAPPLE EXPRESS LIIIL
STIIIZY,STIIIZY: PINEAPPLE EXPRESS POD HYBRID 1G,- Pineapple Runtz - STIIIZY Starter Pack 1G Pod
STIIIZY,STIIIZY: PINEAPPLE RUNTZ POD HYBRID 1G,- Pineapple Runtz - STIIIZY Starter Pack 1G Pod
STIIIZY,STIIIZY: PINEAPPLE TANGIE GREY SATIVA 3.5G,- PINEAPPLE TANGIE - 3.5G Grey Label Mylar
STIIIZY,STIIIZY: PREMIUM JACK LIIIL ALL-IN-ONE SATIVA 0.5G,Vape - PREMIUM JACK OG LIIIL
STIIIZY,STIIIZY: SKYWALKER OG LIIIL ALL-IN-ONE INDICA 0.5G,Vape - SKYWALKER OG LIIIL
STIIIZY,STIIIZY: STRAWBERRY COUGH INFUSED SATIVA 1G,- STRAWBERRY COUGH - 1G 40's Infused Preroll
STIIIZY,STIIIZY: STRAWBERRY COUGH LIIIL ALL-IN-ONE SATIVA 0.5G,Vape - STRAWBERRY COUGH LIIIL
STIIIZY,STIIIZY: SUNSET SHERBERT BLACK BAG HYBRID 3.5G,- SUNSET SHERBERT - 3.5G Black Label Mylar
STIIIZY,STIIIZY: SUPER LEMON HAZE BLACK SATIVA 3.5G,- SUPER LEMON HAZE - 3.5G Black Label Mylar
STIIIZY,STIIIZY: TAHOE OG LQD ALL-IN-ONE INDICA 1G,Vape - TAHOE OG 1G LQD All-In-One
STIIIZY,STIIIZY: WATERMELON Z INFUSED 40'S INDICA 7G,- WATERMELON Z - 7G 40's Infused Flower
STIIIZY,STIIIZY: WATERMELON Z POD INDICA 1G,- Watermelon Z - STIIIZY Starter Pack 1G Pod
STIIIZY,STIIIZY: WHITE BISCOTTI MINTZ WHITE HYBRID 3.5G,- BISCOTTI MINTZ - 3.5G White Label Mylar
STIIIZY,STIIIZY: WHITE RASPBERRY LIIIL ALL-IN-ONE INDICA 0.5G,Vape - WHITE RASPBERRY OG LIIIL
STIIIZY,STIIIZY: WHITE WALKER CURATED LIVE RESIN SAUCE INDICA 1G,- WHITE WALKER - Live Resin
STIIIZY,STIIIZY: WHITE WIDOW LQD ALL-IN-ONE INDICA 1G,Vape - WHITE WIDOW 1G LQD All-In-One
STIIIZY,STIIIZY: WHITE ZERBERT BLACK BAG HYBRID 3.5G,- WHITE ZERBERT - 3.5G Black Label Mylar
UPNORTH,UPNORTH: DURBAN POISON SATIVA 3.5G,Durban Poison - 3.5g
UPNORTH,UPNORTH: HEADBAND HYBRID 3.5G,Headbanger- 3.5g
UPNORTH,UPNORTH: HUMBOLDT OG INDICA 3.5G,Humboldt OG - 3.5g
UPNORTH,UPNORTH: NF1 SATIVA 1G PREROLL,NF1 - 1g Preroll
UPNORTH,UPNORTH: PANAMA RED HYBRID 3.5G,Panama Red - 3.5g
WYLD,WYLD: BOYSENBERRY 1:1:1 THC/CBN/ CBD 100MG 10 PACK,Boysenberry 1:1:1 CBD+CBN Enhanced Gummies
WYLD,WYLD: RASPBERRY SATIVA 100MG 10 PACK,Raspberry Sativa Enhanced Gummies
YADA YADA,YADA YADA: APPLES & BANANAS PRE-GROUND SATIVA 3.5G,Yada Yada - Apples & Bananas 3.5g Ground
YADA YADA,YADA YADA: GUSH MINTS PRE-GROUND INDICA 3.5G,Yada Yada - Gush Mints 3.5g Ground
YADA YADA,YADA YADA: GUSH MINTS SMALLS INDICA 2G,Yada Yada - Gush Mints 2g Smalls
SMOKEN PROMISES,SMOKEN PROMISES: CHEM BRULEE SATIVA 3.5G,Chem Brulee | Flower | 3.5g
SMOKEN PROMISES,SMOKEN PROMISES: MIDNIGHT LEMONADE HYBRID 3.5G,Midnight Lemonade | Flower | 3.5g
SMOKEN PROMISES,SMOKEN PROMISES: MYSTICAL GELATO INDICA 3.5G,Mystical Gelato | Flower | 3.5g
SMOKEN PROMISES,SMOKEN PROMISES: SUGAR RUSH SATIVA 3.5G,Sugar Rush | Flower | 3.5g
SMOKEN PROMISES,SMOKEN PROMISES: VIOLET DREAMSICLE INDICA 3.5G,Violet Dreamsicle | Flower | 3.5g
STIIIZY,STIIIZY: 150MG CRIMSON BERRY 2:1 THCCBN GUMMY INDICA 100MG,- CRIMSON BERRY - Gummies 2:1 THC:CBN Edibles
FIG FARMS,FIG FARMS: DARK KARMA HYBRID 1G PREROLL,Dark Karma
HIGHATUS,HIGHATUS: POMBERRY 5:1 THC/CBN GUMMY CBN 100MG 10 PACK,Pomberry Sour Gummy
HIGHATUS,HIGHATUS: STRAWBERRY LEMONADE GUMMY SATIVA 100MG 10 PACK,Strawberry Lemonade
HOTBOX,HOTBOX: GRUNTZ PREROLL HYBRID 1G,HOTBOX | Gruntz Indica Preroll (1g) Indoor Flower
CAM,CAM: CAM'S SUPER GLUE HYBRID 1G PREROLL,CAM | CAM's Superglue (1g)
ST IDES,ST IDES: GEORGIA PEACH TEA HYBRID 100MG,Georgia Peach High Tea
ST IDES,ST IDES: MAUI MANGO TEA HYBRID 100MG,Maui Mango High Tea
RAW GARDEN,RAW GARDEN: BLUE DREAM LIVE RESIN SATIVA 1G,Blue Dream Live Resin
WEST COAST TRADING COMPANY,WEST COAST TRADING COMPANY: CEREAL MILK SUGAR HYBRID 1G,Cereal Milk | Sugar | 1g
WEST COAST TRADING COMPANY,WEST COAST TRADING COMPANY: DURBAN POISON BADDER SATIVA 1G,Durban Poison | Badder | 1g
WEST COAST TRADING COMPANY,WEST COAST TRADING COMPANY: LA CONFIDENTIAL BADDER INDICA 1G,LA Confidential | Badder | 1g
WEST COAST TRADING COMPANY,WEST COAST TRADING COMPANY: MELONADE SUGAR HYBRID 1G,Melonade | Sugar | 1g
WEST COAST TRADING COMPANY,WEST COAST TRADING COMPANY: PLATINUM OG CRUMBLE INDICA 1G,Platinum Jack | Crumble | 1g
STIIIZY,STIIIZY: GRAPE GELATO LIVE RESIN DIAMONDS INDICA 1G,- GRAPE GELATO - Live Resin Diamonds
ST IDES,ST IDES: HIGH TEA LEMONADE HYBRID 100MG,High Tea Lemonade
EMBER VALLEY,EMBER VALLEY: POINT BREAK SATIVA 3.5G,Point Break 3.5G
EMBER VALLEY,EMBER VALLEY: DIRTY BANANA INDICA 3.5G,Dirty Banana 3.5G
ROYAL BLUNTS,ROYAL BLUNTS: KUSH CO SOUR POWER OG BLUNT HYBRID 1.5G PREROLL,Royal X Kush CO Sour Power 1.5 Gram
ROYAL BLUNTS,ROYAL BLUNTS: TOP SHELF CULTIVATION WHOA-SI-WHOA BLUNT INDICA 1.5G PREROLL,Royal X Top Shelf Hand Roll Whoa Si Whoa Blunt 1.5 Grams
UPNORTH,UPNORTH: GRAPE APE INDICA 3.5G,Grape Ape - 3.5g
PREFERRED GARDENS,PREFERRED GARDENS: FROSTED GRAPES INDICA 1G PREROLL,Frosted Grapes -1g Pre-Roll
THC DESIGN,THC DESIGN: CRESCENDO SATIVA 3.5G,THC Design Crescendo
710 LABS,710 LABS: LEMON TART PUCKER SINGLE SATIVA 1G PREROLL,710 Labs Lemon Tart Pucker #1 Preroll 1g
710 LABS,710 LABS: RANDY WATZON #3 SINGLE INDICA 1G PREROLL,710 Labs Randy Watzon #13 Preroll 1g
SOLIS,SOLIS: LEMON CHERRY RUNTZ HYBRID 28G,Lemon Cherry Runtz | Jarred Flower (28g) | Hybrid
STIIIZY,STIIIZY: KING LOUIS XIII INFUSED 40'S INDICA 3.5G,- KING LOUIS XIII - 3.5G 40's Infused Flower Jar
FIG FARMS,FIG FARMS: FUNK DIP HYBRID 3.5G,Funk Dip
EMBER VALLEY,EMBER VALLEY: LA RUNTZ HYBRID 3.5G,LA Runtz 3.5G
EMBER VALLEY,EMBER VALLEY: PURPLE LIGHTSABER INDICA 3.5G,Purple Lightsaber 3.5G
HALARA,HALARA: BLUE DREAM LIVE RESIN DIAMOND CARTRIDGE SATIVA 1G,Blue Dream - High THC 1G cartridge
HALARA,HALARA: FORBIDDEN ROSES LIVE RESIN DIAMOND CARTRIDGE HYBRID 1G,Live Diamond Sauce - Forbidden Roses 1G Cartridge
BAGGIE BUDS,BAGGIE BUDS: SOUR PEBBLES HYBRID 3.5G,Sour Pebbles
BAGGIE BUDS,BAGGIE BUDS: BUBBA KUSH INDICA 3.5G,Bubba Kush 3.5g
BAGGIE BUDS,BAGGIE BUDS: YODA OG INDICA 3.5G,Yoda OG
DELIGHTED,DELIGHTED: MOONBOW 112 IX HYBRID 3.5G,Moonbow 112 IX 3.5g
BLEM,BLEM: GWAVA HYBRID 10G,BLEM GWAVA 10g
STIIIZY,STIIIZY: SUNSET GELATO LIVE ROSIN BADDER HYBRID 1G,- SUNSET GELATO - Live Rosin Badder
710 LABS,710 LABS: BAD APPLE #7 LIVE ROSIN ALL-IN-ONE HYBRID 1G,710 Labs Bad Apple #7 Live Rosin AIO 1g
JOOST,JOOST: FATSO LIVE RESIN ALL-IN-ONE INDICA 1G,JOOST ~ Fatso ~ Indica ~ 100% Live Resin All-In-One Vape
JOOST,JOOST: GMO ROOTBEER LIVE RESIN ALL-IN-ONE HYBRID 1G,JOOST ~ GMO Rootbeer ~ Hybrid ~ 100% Live Resin All-In-One Vape
JOOST,JOOST: PLATINUM ZKITTLEZ LIVE RESIN ALL-IN-ONE INDICA 1G,JOOST ~ Platinum Zkittlez ~ Indica ~ 100% Live Resin All-In-One Vape
710 LABS,710 LABS: SB36#1 TIER 1 LIVE ROSIN POD HYBRID .5G,710 Labs SB36 #1 T1 Live Rosin Pod .5g
BLEM,BLEM: TANGIE TING COLDFIRE JUICE CART SATIVA 1G,BLEM TANGIE TING x ColdFire Juice Cart
STIIIZY,STIIIZY: SUPER LEMON HAZE INFUSED 40'S SATIVA 7G,- SUPER LEMON HAZE - 7G 40's Infused Flower
STIIIZY,STIIIZY: BLUE BURST INFUSED 40'S HYBIRD 7G,- BLUE BURST - 7G 40's Infused Flower
STIIIZY,STIIIZY: WHITE PAPAYA CURATED SAUCE LIVE RESIN HYBRID 1G,- WHITE PAPAYA - Live Resin
HOTBOX,HOTBOX: KUSH MINTS INDICA 3.5G,HOTBOX | Kush Mints Indica (3.5g or 1/8th) Indoor Flower
710 LABS,710 LABS: THE RUCKER #1 HYBRID 3.5G,710 Labs The Rucker #1 Flower 3.5g
BAGGIE BUDS,BAGGIE BUDS: STRAWBERRY COUGH SATIVA 3.5G,Strawberry Cough
RAW GARDEN,RAW GARDEN: GALAXY WALKER DIAMONDS INDICA 1G,Galaxy Walker Live Resin
RAW GARDEN,RAW GARDEN: PB SOUFFLE LIVE RESIN BADDER INDICA 1G,PB Souffle Live Badder
RAW GARDEN,RAW GARDEN: TEMPLE OF FUNK DIAMONDS INDICA 1G,Temple of Funk Live Resin
FIG FARMS,FIG FARMS: HOLY MOLY! SATIVA 3.5G,Holy Moly!
STIIIZY,STIIIZY: KING LOUIS XIII 40S BLUNT INDICA 2G,- KING LOUIS XIII - 2G 40's Infused Blunt
STIIIZY,STIIIZY: TRIANGLE MINTZ INDICA 3.5G,- TRIANGLE MINTZ - Live Resin
FLAVORADE,FLAVORADE: PREFERRED GARDENS FUN DIP CARTRIDGE INDICA 1G,Flavorade x Preferred Gardens | FunDip | Vape Cart | 1g
FLAVORADE,FLAVORADE: SIRIUS BISCOTTI RS11 CARTRIDGE INDICA 1G,Flavorade x Sirius | Biscotti RS11 | Vape Cart | 1g
FLAVORADE,FLAVORADE: SIRIUS NYC CHERRY CARTRIDGE HYBRID 1G,Flavorade x Sirius | NYC Cherry | Vape Cart | 1g
FLAVORADE,FLAVORADE: SIRIUS BUBBLEGUM GELATO CARTRIDGE HYBRID 1G,Flavorade x Sirius | Bubblegum Gelato | Vape Cart | 1g
FLAVORADE,FLAVORADE: SIRIUS Z BREATH CARTRIDGE INDICA 1G,Flavorade x Sirius | Z Breath | Vape Cart | 1g
FLAVORADE,FLAVORADE: LA FAMILY FARMS END GAME CARTRIDGE HYBRID 1G,Flavorade x LA Family Farms | End Game | Vape Cart | 1g
FLAVORADE,FLAVORADE: PREFERRED GARDENS CITRON CARTRIDGE SATIVA 1G,Flavorade x Preferred Gardens | Citron | Vape Cart | 1g
FLAVORADE,FLAVORADE: SIRIUS KUSH MINTS CARTRIDGE INDICA 1G,Flavorade x Sirius | Kush Mints | Vape Cart | 1g
FLAVORADE,FLAVORADE: BOSKY BLUE BUBBA CARTRIDGE INDICA 1G,Flavorade x Bosky Genetics | Blue Bubba | Vape Cart | 1g
FLAVORADE,FLAVORADE: LA FAMILY FARMS TROPICAL Z CARTRIDGE HYBRID 1G,Flavorade x LA Family Farms | Tropical Z | Vape Cart | 1g
ST IDES,ST IDES: CHERRY BOMB SYRUP HYBRID 1000MG,Cherry Bomb Syrup Tincture
ST IDES,ST IDES: PURPLE GRAPE SYRUP HYBRID 1000MG,Purple Grape Syrup Tincture
710 LABS,710 LABS: DONNY BURGER CLOSE FRIENDS PERSY LIVE ROSIN BADDER INDICA 2.5G,Donny Burger 1st Press Live Rosin | 2.5g
DELIGHTED,DELIGHTED: MOON ZYRUP HYBRID 3.5G,Moon Zyrup 3.5g
CLSICS,CLSICS: BERRY PRISM LIVE ROSIN ALL-IN-ONE INDICA 1G,Berry Prism - LIVE ROSIN ALL IN ONE VAPE 1g
CLSICS,CLSICS: BLUE CRACK LIVE ROSIN ALL-IN-ONE SATIVA 1G,Blue Crack - LIVE ROSIN ALL IN ONE VAPE 1g
FIG FARMS,FIG FARMS: CHEMS AND CHERRY HYBRID 3.5G,Chems & Cherry
SOLIS,SOLIS: COSMIC CRISP HYBRID 28G,Cosmic Crisp | Jarred Flower (28g) | Hybrid
710 LABS,710 LABS: COLD CREEK KUSH SINGLE INDICA 1G PREROLL,710 Labs Cold Creek Kush Preroll 1g
FIG FARMS,FIG FARMS: COCOA MINTS INDICA 1G PREROLL,Cocoa Mints
FIG FARMS,FIG FARMS: KRYPTOCHRONIC #1 HYBRID 1G PREROLL,Krypto Chronic 1
FIG FARMS,FIG FARMS: KRONUTS INDICA 3.5G,Kronuts
YADA YADA,YADA YADA: MANGO MINTALITY SMALLS SATIVA 20G,Yada Yada - Mango Mintality 20g Smalls
SOLIS,SOLIS: LEMON CHERRY RUNTZ HYBRID 28G,Lemon Cherry Runtz | Jarred Flower (28g) | Hybrid
YADA YADA,20G GUSH MINTS INDICA FLOWER BY YADA YADA,Yada Yada - Gush Mints 20g Smalls
SEED JUNKY,SEED JUNKY: RED EYE SMALLS INDICA 14G,RED EYE SMALLS - 14G
EMBER VALLEY,EMBER VALLEY: MELON FIZZ SATIVA 3.5G,Melon Fizz 3.5G
710 LABS,710 LABS: DULCE DE FRESA #5 PERSY ROSIN BADDER HYBRID 1G,710 Labs Dulce De Fresa #5 Persy Rosin Badder 1g
710 LABS,710 LABS: RANDY WATZON #13 PERSY ROSIN BUCKET LIVE ROSIN BADDER INDICA 2.5G,Randy Watzon Persy Rosin Badder 2.5g
710 LABS,710 LABS: Z PERSY ROSIN INDICA 1G,710 Labs Z Persy Rosin Badder 1g
THC DESIGN,THC DESIGN: GARLIC COCKTAIL INDICA 3.5G,THC Design Garlic Cocktail
KINGROLL,KINGROLL: WHITE RNTZ X APPLE FRITTER INFUSED INFUSED HYBRID 3G PREROLL 4 PACK,Kingroll Jr. 3g 4-Pack White Rntz x Apple Fritter Hybrid
CAM,CAM: SUPER SILVER HAZE PRIVATE RESERVE SATIVA 3.5G,CAM | Super Silver Haze (3.5g)
YADA YADA,YADA YADA: APRICOT HAZE SMALLS SATIVA 2G,Yada Yada- Apricot Haze 2g Smalls
YADA YADA,YADA YADA: GMO SMALLS INDICA 2G,Yada Yada - GMO 2g Smalls
710 LABS,710 LABS: COLD CREEK KUSH INDICA 14G,710 Labs Cold Creek Kush (I/H) Flower 14g
DELIGHTED,DELIGHTED: TRAFFIC STOPPER INDICA 3.5G,Traffic Stopper 3.5g
DIME BAG,DIME BAG: LEMON CHERRY GELATO HYBRID 3.5G,Dime Bag | Lemon Cherry Gelato (3.5g)
STIIIZY,STIIIZY: ACAI BERRY LIVE RESIN DIAMONDS SATIVA 1G,- ACAI BERRY - Live Resin Diamonds
YADA YADA,YADA YADA: MANGO MINTALITY SMALLS SATIVA 5G,Yada Yada - Mango Mintality 5g Smalls
DIME BAG,DIME BAG: AMNESIA CAKE SATIVA 3.5G,Dime Bag | Amnesia Cake Sativa (3.5g)
KINGROLL,KINGROLL: OG KUSH X NORTHERN LIGHTS INFUSED INDICA 3G PREROLL 4 PACK,Kingroll Jr. 3g 4-Pack OG Kush x Northern Lights Indica
EMBER VALLEY,EMBER VALLEY: FIRST DANCE INDICA 3.5G,First Dance 3.5G
EMBER VALLEY,EMBER VALLEY: WINGSUIT HYBRID 3.5G,Wingsuit 3.5G
YADA YADA,YADA YADA: GG4 SMALLS HYBRID 20G,Yada Yada - GG4 20g Smalls
710 LABS,710 LABS: GAK SMOOVIE #5 TIER 2 LIVE ROSIN POD HYBRID .5G,710 Labs Gak Smoovie #5 T2 Live Rosin Pod .5g
UPNORTH,UPNORTH: PLATINUM AFGHANI INDICA 3.5G,Platinum Afghani - 3.5g
STIIIZY,STIIIZY: PRESDENTIAL OG LIVE ROSIN BADDER INDICA 1G,- PRESIDENTIAL OG - Live Rosin Badder
UPNORTH,UPNORTH: PURPLE ZAZA INDICA 3.5G,Purple Zaza - 3.5g
UPNORTH,UPNORTH: GMO INDICA 3.5G,GMO - 3.5G
DIME BAG,DIME BAG: HIGH OCTANE INDICA 3.5G,Dime Bag | High Octane Indica (3.5g)
UPNORTH,UPNORTH: TRAINWRECK SATIVA 3.5G,Trainwreck - 3.5g
HOTBOX,HOTBOX: PARIS OG INDICA 1G PREROLL,HOTBOX | Paris OG Indica Preroll (1g)
STIIIZY,STIIIZY: WHITE FIRE CURATED LIVE RESIN DIAMONDS INDICA 1G,- WHITE FIRE - Live Resin Diamonds
STIIIZY,STIIIZY: HAWAIIAN SNOW LQD ALL-IN-ONE SATIVA 1G,Vape - HAWAIIAN SNOW 1G LQD All-In-One
RAW GARDEN,RAW GARDEN: GELONADE LIVE RESIN SATIVA 1G,Gelonade Live Resin
RAW GARDEN,RAW GARDEN: LIMETINI DIAMONDS SATIVA 1G,Limetini Refined Live Resin��� Diamonds
RAW GARDEN,RAW GARDEN: SHERBERT HAZE LIVE RESIN SATIVA 1G,Sherbert Haze Live Resin
RAW GARDEN,RAW GARDEN: FRESH WATER TAFFY LIVE RESIN SAUCE HYBRID 1G,Fresh Water Taffy Live Sauce
RAW GARDEN,RAW GARDEN: INFERNO OG DIAMONDS INDICA 1G,Inferno OG Live Resin
RAW GARDEN,RAW GARDEN: PARADISE OG DIAMONDS HYBRID 1G,Paradise OG Refined Live Resin��� Diamonds
FIG FARMS,FIG FARMS: MOONANA CHRONIC HYBRID 3.5G,Moonana Chronic
JOOST,JOOST: BERRY PIE LIVE RESIN ALL-IN-ONE SATIVA 1G,JOOST ~ Berry Pie ~ Sativa ~ 100% Live Resin All-In-One Vape
JOOST,JOOST: GRAPE FOG LIVE RESIN ALL-IN-ONE HYBRID 1G,JOOST ~ Grape Fog ~ Hybrid ~ 100% Live Resin All-In-One Vape
JOOST,JOOST: HFCS LIVE RESIN ALL-IN-ONE SATIVA 1G,JOOST ~ HFCS ~ Sativa ~ 100% Live Resin All-In-One Vape
HOTBOX,HOTBOX: RUNTZ COLA SMALLS INDICA 7G,HOTBOX Baseball Series 8th bag #1 | Runtz Cola | Indica
EMBER VALLEY,EMBER VALLEY: TIGER KING INDICA 3.5G,Tiger King 3.5G
STIIIZY,STIIIZY: GRAPE OCTANE GREY INDICA 3.5G,- GRAPE OCTANE - 3.5G Grey Label Mylar
STIIIZY,STIIIZY: ZEREAL BLACK BAG HYBRID 3.5G,- ZEREAL - 3.5G Black Label Mylar
RAW GARDEN,RAW GARDEN: DAY WRECKER SPROUT REFINED ALL-IN-ONE INDICA 1G,Day Wrecker Ready-to-Use Refined Live Resin��� Pen
RAW GARDEN,RAW GARDEN: SOUR ORANGE MARGARITA SPROUT REFINED ALL-IN-ONE SATIVA 1G,Sour Orange Margarita Refined Live Resin��� Ready-to-Use
710 LABS,710 LABS: GHOST HULK #25 LIVE ROSIN ALL-IN-ONE HYBRID 1G,Ghost Hulk #25 Live Rosin AIO 1g
710 LABS,710 LABS: STRAWBERRY GUAVA #9 LIVE ROSIN ALL-IN-ONE HYBRID 1G,Strawberry Guava #9 Live Rosin AIO 1g
FLAVORADE,FLAVORADE: NO TILL KINGS PLASMA STRAWBERRY CARTRIDGE HYBRID 1G,Flavorade x No Till Kings | Plasma Strawberry | Vape Cart | 1g
FLAVORADE,FLAVORADE: SIRIUS BANANA COCKTAIL CARTRIDGE INDICA 1G,Flavorade x Sirius | Banana Cocktail | Vape cart | 1g
FLAVORADE,FLAVORADE: SNOWTILL PIESCREAM OG CARTRIDGE INDICA 1G,Flavorade x Snowtill | Piescream OG | Vape Cart | 1g
FLAVORADE,FLAVORADE: WOODWIDE BLUEBERRY OG CARTRIDGE INDICA 1G,Flavorade x Woodwide | Blueberry OG | Vape Cart | 1g
FLAVORADE,FLAVORADE: WOODWIDE DUTCH TREAT CARTRIDGE SATIVA 1G,Flavorade x Woodwide | Dutch Treat | Vape Cart | 1g
YADA YADA,YADA YADA: BLACK AMBER PRE-GROUND HYBRID 3.5G,Yada Yada - Black Amber 3.5g Ground
710 LABS,710 LABS: BRITNEY'S FROZEN LEMONS #5 + CHERRY ZEST #4 RSO HYBRID 1G,Britney's Frozen Lemons #5 + Cherry Zest #4 RSO 1g
710 LABS,710 LABS: GAK SMOOVIE #5 + SB36 #1 TIER 2 LIVE ROSIN BADDER HYBRID 1G,710 Labs Gak Smoovie #5 + SB36 #1 T2 Live Rosin Badder 1g
STIIIZY,STIIIZY: PINK CHAMPAGNE CURATED LIVE RESIN HYBRID 1G,- PINK CHAMPAGNE - Live Resin
710 LABS,710 LABS: MOONBOW 112 #3 TIER 2 LIVE ROSIN BADDER INDICA 1G,Moonbow 112 #3 T2 Live Rosin Badder 1g
710 LABS,710 LABS: SUPER FREAK TIER 3 LIVE ROSIN BADDER INDICA 1G,710 Labs Super Freak T2 Live Rosin Badder 1g
EMBER VALLEY,EMBER VALLEY: CROSSBOW LIVE ROSIN BADDER HYBRID 1G,Crossbow Cold Cure Rosin 1G
EMBER VALLEY,EMBER VALLEY: NORTHERN FIRE LIVE ROSIN BADDER INDICA 1G,Northern Fire Cold Cure Rosin 1G
EMBER VALLEY,EMBER VALLEY: PURPLE LIGHTSABER LIVE ROSIN BADDER INDICA 1G,Purple Lightsaber Cold Cure Rosin 1G
STIIIZY,STIIIZY: ORANGE SODA LIVE ROSIN BADDER SATIVA 1G,- ORANGE SODA - Live Rosin Badder
STIIIZY,STIIIZY: PEANUT BUTTER GELATO LIVE ROSIN HYBRID 1G,- PEANUT BUTTER GELATO - Live Rosin Badder
DELIGHTED,DELIGHTED: ACAI COOKIES SATIVA 3.5G,Acai Cookies 3.5g
DELIGHTED,DELIGHTED: ALIEN KUSH INDICA 3.5G,Alien Kush 3.5g
WEST COAST TRADING COMPANY,WEST COAST TRADING COMPANY: FIREWALKER SUGAR SATIVA 1G,Firewalker | Sugar | 1g
WEST COAST TRADING COMPANY,WEST COAST TRADING COMPANY: FORBIDDEN FRUIT BADDER INDICA 1G,Forbidden Fruit | Badder | 1g
WEST COAST TRADING COMPANY,WEST COAST TRADING COMPANY: KEY LIME KUSH SUGAR HYBRID 1G,Key Lime Kush | Sugar | 1g
WEST COAST TRADING COMPANY,WEST COAST TRADING COMPANY: WEDDING CRASHER SUGAR HYBRID 1G,Wedding Crasher | Shatter | 1g
DELIGHTED,DELIGHTED: LA KUSH CAKE INDICA 3.5G,LA Kush Cake - 3.5g
BLEM,BLEM: IRIE ACAI HYBRID 3.5G,BLEM IRIE ACAI 3.5g
710 LABS,710 LABS: DONNY BURGER INDICA 14G,Donny Burger 14g
BLEM,BLEM: BOMBA INDICA 10G,BLEM BOMBA 10g
710 LABS,710 LABS: THE RUCKER #1 HYBRID 14G,710 Labs The Rucker #1 Flower 14g
FIG FARMS,FIG FARMS: RAPPER WEED INDICA 3.5G,Rapper Weed
STIIIZY,2G BLUE DREAM 40S SATIVA BLUNT BY STIIIZY,- BLUE DREAM - 2G 40's Infused Blunt
STIIIZY,2G SKYWALKER OG 40S INDICA BLUNT BY STIIIZY,- SKYWALKER OG - 2G 40's Infused Blunt
710 LABS,710 LABS: LEMON TART PUCKER #1 PERSY SATIVA 14G,710 Labs Lemon Tart Pucker #1 (S) Flower 14g
DELIGHTED,DELIGHTED: SLO FLO SATIVA 3.5G,Slo Flo 3.5g
KINGROLL,KINGROLL: JACK HERER X DURBAN POISON INFUSED SATIVA 3G PREROLL 4 PACK,Kingroll Jr. 3g 4-Pack Jack Herer x Durban Poison Sativa
710 LABS,710 LABS: THE RUCKER #1 SINGLE INDICA 1G PREROLL,710 Labs The Rucker #1 Preroll 1g
710 LABS,710 LABS: MOON GLOW #1 SINGLE INDICA 1G PREROLL,710 Labs Moonbow 112 #1 Preroll 1g
710 LABS,710 LABS: RICK JAMEZ #3 SINGLE INDICA 1G PREROLL,710 Labs Rick Jamez #3 (I) Preroll 1g
UPNORTH,UPNORTH: PINEAPPLE EXPRESS SATIVA 3.5G,Pineapple Express - 3.5g
FIG FARMS,FIG FARMS: LEMON CHERRY GELATO INDICA 3.5G,Lemon Cherry Gelato
SMOKEN PROMISES,SMOKEN PROMISES: FRESCA FIESTA HYBRID 3.5G,Fresca Fiesta | Flower | 3.5g
CLSICS,CLSICS: CEREAL MILK LIVE ROSIN ALL-IN-ONE INDICA 1G,Cereal Milk - LIVE ROSIN ALL IN ONE VAPE 1g
CLSICS,CLSICS: DEEP PURPLE LIVE ROSIN ALL-IN-ONE INDICA 1G,Deep Purple - LIVE ROSIN ALL IN ONE VAPE 1g
CLSICS,CLSICS: RAINBOW BELTZ LIVE ROSIN ALL-IN-ONE HYBRID 1G,Rainbow Beltz - LIVE ROSIN ALL IN ONE VAPE 1g
DELIGHTED,DELIGHTED: GMO Z HYBRID 3.5G,GMO Z - 3.5g
BLEM,BLEM: RAIL UP SATIVA .75G PREROLL,BLEM RAIL UP .75g Pre-Roll
KINGROLL,KINGROLL: CANNALOPE AK X CANNLOPE KUSH INFUSED INDICA 1.3G PREROLL,Kingroll 1.3g Single Cannalope AK x Cannalope Kush
BAGGIE BUDS,BAGGIE BUDS: ALIEN OG INDICA 3.5G,Alien Og
DELIGHTED,DELIGHTED: LEMON LAVENDER HYBRID 3.5G,Lemon Lavender 3.5g
710 LABS,710 LABS: PAPAYA ROSIN GUMMIES INDICA 100MG 10 PACK,Papaya Hash Rosin Gummis
WYLD,WYLD: HUCKLEBERRY HYBRID 100MG 10 PACK,Huckleberry CBD Gummies | 10-Pack
710 LABS,710 LABS: DONNY BURGER + Z RSO INDICA 1G,Donny Burger + Z RSO 1g
RAW GARDEN,RAW GARDEN: PARADISE CHASER CARTRIDGE HYBRID .5G,Paradise Chaser Refined Live Resin��� 0.5g Cartridge
DELIGHTED,DELIGHTED: SUNSET ZERB HYBRID 3.5G,Sunset Zerb 3.5g
FLAVORADE,FLAVORADE: BOSKY ZKITTLEZ X GEORGIA PIE CARTRIDGE INDICA 1G,Flavorade x Bosky | Zkittlez x Georgia Pie | Vape Cart | 1g
FLAVORADE,FLAVORADE: MAVEN FRENCH LOTUS CARTRIDGE INDICA 1G,Flavorade x Maven | French Lotus | Vape Cart | 1g
FLAVORADE,FLAVORADE: WARHEADZ CARTRIDGE HYBRID 1G,Flavorade | Warheadz | Vape Cart | 1g
FLAVORADE,FLAVORADE: WOODWIDE ZKITTLEZ CARTRIDGE INDICA 1G,Flavorade x Woodwide | Zkittlez | Vape Cart | 1g
GOLD STANDARD,GOLD STANDARD: APPLESCOTTIE HYBRID 3.5G,GOLD STANDARD | APPLESCOTTI | 3.5G
DELIGHTED,DELIGHTED: CANAL ST. RUNTZ HYBRID 3.5G,Canal St Runtz - 3.5g
UPNORTH,UPNORTH: NF1 SATIVA 3.5G,NF1 - 3.5g
UPNORTH,UPNORTH: MAUI WOWIE SATIVA 3.5G,Maui Wowie - 3.5g
STIIIZY,2G BLUE BURST 40S HYBRID BLUNT BY STIIIZY,- BLUE BURST - 2G 40's Infused Blunt
SOLIS,SOLIS: GORILLA COOKIES HYBRID 28G,Gorilla Cookies | Jarred Flower (28g) | Hybrid
STIIIZY,STIIIZY: MOCHI GELATO LIVE RESIN DIAMONDS INDICA 1G,- MOCHI GELATO - Live Resin Diamonds
THC DESIGN,THC DESIGN: BLUE VIPER HYBRID 3.5G,THC Design Blue Viper 3.5g
GOLD STANDARD,GOLD STANDARD: SLURTY3 INDICA 3.5G,GOLD STANDARD | SLURTY3 | 3.5G
FLAVORADE,FLAVORADE: ALIEN CARTRIDGE INDICA 1G,Flavorade | Alien | Vape Cart | 1g
FLAVORADE,FLAVORADE: BLACK GARLIC CARTRIDGE INDICA 1G,Flavorade | Black Garlic | Vape Cart | 1g
FLAVORADE,FLAVORADE: DONALD BURGER CARTRIDGE INDICA 1G,Flavorade | Donald Burger | Vape Cart | 1g
FLAVORADE,FLAVORADE: MOLOTOV OREO CARTRIDGE INDICA 1G,Flavorade | Molotov Oreo | Vape Cart | 1g
FLAVORADE,FLAVORADE: SIRIUS BLUE ZUSHI CARTRIDGE HYBRID 1G,Flavorade x Sirius | Blue Zushi| Vape Cart | 1g
STIIIZY,STIIIZY: WATERMELON Z 40S INDICA 1G,- WATERMELON Z - 1G 40's Infused Preroll
THC DESIGN,THC DESIGN: BISLATO HYBRID 3.5G,THC Design Bislato
SOLIS,SOLIS: GLITTER BOMB INDICA 28G,Glitterbomb | Jarred Flower (28g) | Indica
STIIIZY,STIIIZY: CHERRY POPPERZ NAKED PREROLL INDICA 1G,- CHERRY POPPERZ - 1G Preroll
STIIIZY,STIIIZY: GOATS MILK NAKED PREROLL HYBRID 1G,- GOATS MILK - 1G Preroll
STIIIZY,STIIIZY: PINK LEMONADE NAKED PREROLL SATIVA 1G,- PINK LEMONADE - 1G Preroll
710 LABS,710 LABS: PAPAYA LIVE ROSIN ALL-IN-ONE INDICA 1G,Papaya Live Rosin AIO 1g
DIME BAG,DIME BAG: GRAPE STOMPER SATIVA 3.5G,Dime Bag | Grape Stomper Sativa (3.5g)
RAW GARDEN,RAW GARDEN: CHERRY KUSH BREATH LIVE RESIN SAUCE INDICA 1G,Cherry Kush Breath Live Sauce
RAW GARDEN,RAW GARDEN: ISLAND OASIS LIVE RESIN BADDER HYBRID 1G,Island Oasis Live Badder
DIME BAG,DIME BAG: PLATINUM GELATO INDICA 3.5G,Dime Bag | Platinum Gelato Indica (3.5g)
RAW GARDEN,RAW GARDEN: HELLA JELLY LIVE RESIN BADDER SATIVA 1G,Hella Jelly Live Badder
RAW GARDEN,RAW GARDEN: WATERMELON KUSH DIAMONDS INDICA 1G,Watermelon Kush Live Resin
EMBER VALLEY,EMBER VALLEY: CROSSBOW LIVE ROSIN BADDER INDICA 1G,Crossbow Cold Cure Rosin 1G
MOUNTAIN MAN MELTS,MOUNTAIN MAN MELTS: BLACK MAPLE LIVE ROSIN BADDER HYBRID 1G,Black Maple - Live Rosin
MOUNTAIN MAN MELTS,MOUNTAIN MAN MELTS: MOROCCAN PEACHES LIVE ROSIN BADDER HYBRID 1G,Moroccan Peaches - Live Rosin
MOUNTAIN MAN MELTS,MOUNTAIN MAN MELTS: FRUIT STRIPE LIVE ROSIN BADDER HYBRID 1G,Fruit Stripe - Live Rosin
MOUNTAIN MAN MELTS,MOUNTAIN MAN MELTS: HASHBURGER LIVE ROSIN BADDER INDICA 1G,Chauffer - Live Rosin
MOUNTAIN MAN MELTS,MOUNTAIN MAN MELTS: RUNTZ CAKE LIVE ROSIN BADDER INDICA 1G,Runtz Cake - Live Rosin
JOOST,JOOST: FIRE FUMEZ X ALIEN OG LIVE RESIN INFUSED INDICA 2G PREROLL 4 PACK,JOOST Fire Fumez x Alien OG ~ Indica ~ 4-Pack (2g | 0.5g each)
YADA YADA,YADA YADA: DOSILATO PRE-GROUND INDICA 3.5G,Yada Yada- Dosilato 3.5g Ground
STIIIZY,STIIIZY: PINEAPPLE EXPRESS INFUSED 40'S HYBRID 7G,- PINEAPPLE EXPRESS - 7G 40's Infused Flower
STIIIZY,STIIIZY: SOUR DIESEL INFUSED 40'S SATIVA 7G,- SOUR DIESEL - 7G 40's Infused Flower
FIG FARMS,FIG FARMS: HOLY MOLY! SATIVA 1G PREROLL,Holy Moly! - Pre Roll 1g
RAW GARDEN,RAW GARDEN: GMO GLUE LIVE RESIN INDICA 1G,GMO Glue Live Resin
RAW GARDEN,RAW GARDEN: HONEY BADGER OG DIAMONDS HYBRID 1G,Honey Badger OG Refined Live Resin��� Diamonds
EMBER VALLEY,EMBER VALLEY: SWEET JACK SATIVA 3.5G,Sweet Jack 3.5G Jar
EMBER VALLEY,EMBER VALLEY: LEMON CHERRY PIE INDICA 3.5G,Lemon Cherry Pie 3.5G jar
HOTBOX,HOTBOX: SCOTTY'S MOM SMALLS INDICA 7G,HOTBOX | SCOTTY'S MOM CHERRY INDICA (7g or 1/4 oz) Indoor Flower
STIIIZY,STIIIZY: WATERMELON Z INFUSED 40'S INDICA 3.5G,- WATERMELON Z - 3.5G 40's Infused Flower Jar
YADA YADA,YADA YADA: GMO SMALLS INDICA 20G,Yada Yada - GMO - Greenhouse - Smalls - 20g
710 LABS,710 LABS: BLUEBERRY HAZE + BLUEBERRY HAZE CLOSE FRIENDS THUMBPRINT SATIVA 2G,(Close Friends) Blueberry Haze + Blueberry Haze Persy Thumbprint 2g
SEED JUNKY,SEED JUNKY: ZEBRA ZTRIPEZ SMALLS HYBRID 14G,ZEBRA ZTRIPEZ SMALLS - 14g
FLAVORADE,FLAVORADE: SIRIUS STICKY RICE CARTRIDGE INDICA 1G,Flavorade x Sirius | Sticky Rice | Vape Cart | 1g
FLAVORADE,FLAVORADE: BOSKY SOUR SOAP CARTRIDGE HYBRID 1G,Flavorade x Bosky | Sour Soap | Vape Cart | 1g
FLAVORADE,FLAVORADE: SIRIUS LEMON CHERRY GELATO CARTRIDGE HYBRID 1G,Flavorade x Sirius | Lemon Cherry Gelato | Vape Cart | 1g
FLAVORADE,FLAVORADE: SIRIUS RAINBOW FRITTER CARTRIDGE HYBRID 1G,Flavorade x Sirius | Rainbow Fritter | Vape Cart | 1g
FLAVORADE,FLAVORADE: THIN MINT X JEALOUSY CARTRIDGE INDICA 1G,Flavorade | Thin Mint x Jealousy | Vape Cart | 1g
CLSICS,CLSICS: PINK LEMON UP LIVE ROSIN ALL-IN-ONE HYBRID 1G,Pink Lemon Up - LIVE ROSIN ALL IN ONE VAPE 1g
CLSICS,CLSICS: TROPICANA PUNCH LIVE ROSIN ALL-IN-ONE HYBRID 1G,Tropicana Punch - LIVE ROSIN ALL IN ONE VAPE 1g
MOUNTAIN MAN MELTS,MOUNTAIN MAN MELTS: Z FUMEZ LIVE ROSIN BADDER INDICA 1G,Z-Fumes - Live Rosin
STIIIZY,1G LEMON CREME SATIVA CURATED LIVE RESIN BY STIIIZY,- LEMON CREME - Live Resin
WEST COAST TRADING COMPANY,WEST COAST TRADING COMPANY: ACAPULCO GOLD BADDER SATIVA 1G,Acapulco Gold | Badder | 1g
WEST COAST TRADING COMPANY,WEST COAST TRADING COMPANY: COOKIE GLUE BADDER HYBRID 1G,Cookie Glue | Badder | 1g
ROYAL BLUNTS,ROYAL BLUNTS: ORIGINALS OAKSTERDAM OG BLUNT INDICA 1.5G PREROLL,Royal X Original Oaksterdam OG 1.5gram
FIG FARMS,FIG FARMS: LUCID BLUE SATIVA 3.5G,Lucid Blue
THC DESIGN,THC DESIGN: MODIFIED GRAPES HYBRID 3.5G,THC Design Modified Grapes
HEAVY HITTERS,HEAVY HITTERS: GARLIC JUICE DIAMOND INFUSED INDICA 1G PREROLL,Garlic Juice | Indica - Diamond THCA-Infused Pre-Roll - 1G Joint
BAGGIE BUDS,BAGGIE BUDS: CANNALOUPE HAZE SATIVA 3.5G,Cannaloupe Haze
LIFT TICKETS,LIFT TICKETS: NO TILL KINGS WHITE WIDOW X LAZER FUEL LIVE RESIN INFUSED HYBRID 2.5G PREROLL 5 PACK,White Widow x Lazer Fuel - Infused Pre-Roll 5-Pack
LIFT TICKETS,LIFT TICKETS: ORANGE GELATO LIVE RESIN INFUSED SATIVA 2.5G PREROLL 5 PACK,Orange Gelato Z - Infused Pre-Roll 5-Pack
RAW GARDEN,RAW GARDEN: DAY TROOPER DIAMONDS HYBRID 1G,Day Trooper Live Resin
710 LABS,710 LABS: BOOTYLICIOUS #1 LIVE ROSIN ALL-IN-ONE INDICA 1G,Bootylicious #1 Live Rosin AIO 1g
710 LABS,710 LABS: DOLATO #10 LIVE ROSIN ALL-IN-ONE INDICA 1G,Dolato #10 Live Rosin AIO 1g
710 LABS,710 LABS: ZEVEN UP #8 LIVE ROSIN ALL-IN-ONE HYBRID 1G,710 Labs Zeven Up #8 Live Rosin AIO 1g
HOTBOX,HOTBOX: KUSH CREAM HYBRID 3.5G,HOTBOX | Kush Cream Hybrid (3.5g or 1/8th) Indoor Flower
RAW GARDEN,RAW GARDEN: GUAVA MELON SPROUT REFINED ALL-IN-ONE HYBRID 1G,Guavamelon Ready-to-Use Refined Live Resin��� Pen
RAW GARDEN,RAW GARDEN: KOSHER CHEM SPROUT SAUCE ALL-IN-ONE INDICA 1G,Kosher Chem Ready-to-Use Refined Live Resin��� Pen
RAW GARDEN,RAW GARDEN: LEMON OZ SPROUT REFINED ALL-IN-ONE SATIVA 1G,Lemon Oz Sprout��� Refined Live Resin��� All-In-One 1.0g
RAW GARDEN,RAW GARDEN: VIRGIN PURPS SPROUT REFINED ALL-IN-ONE INDICA 1G,Virgin Purps Refined Live Resin��� Ready-to-Use
FLAVORADE,FLAVORADE: BUBBLEGUM HORCHATA CARTRIDGE HYBRID 1G,Flavorade | Bubblegum Horchata | Vape Cart | 1g
FLAVORADE,FLAVORADE: SIRIUS GELATO CARTRIDGE INDICA 1G,Flavorade x Sirius | Gaslato | Vape Cart | 1g
FLAVORADE,FLAVORADE: BLACK BAZOOKA CARTRIDGE INDICA 1G,Flavorade | Black Bazooka | Vape Cart | 1g
710 LABS,710 LABS: STRAWBERRY GUAVA #9 + MOONBOW 112 #3 CLOSE FRIENDS THUMBPRINT HYBRID 2G,(Close Friends) Strawberry Guava#9 + Moonbow 112 #3 Persy Thumbprint 2g
MOUNTAIN MAN MELTS,MOUNTAIN MAN MELTS: CANAL ST. RUNTZ LIVE ROSIN BADDER INDICA 1G,Canal St Runtz - Live Rosin
MOUNTAIN MAN MELTS,MOUNTAIN MAN MELTS: GOVERNMENT OASIS LIVE ROSIN BADDER INDICA 1G,Government Oasis - Live Rosin
MOUNTAIN MAN MELTS,MOUNTAIN MAN MELTS: SHERB CAKE LIVE ROSIN BADDER HYBRID 1G,Sherb Cake - Live Rosin
EMBER VALLEY,EMBER VALLEY: MELTED STRAWBERRIES HYBRID 3.5G,Melted Strawberries 3.5G
EMBER VALLEY,EMBER VALLEY: MELTED STRAWBERRIES INDICA 3.5G,Melted Strawberries 3.5G
FLAVORADE,FLAVORADE: FLORA & FLAME GALACTIC PEACHES CARTRIDGE HYBRID 1G,Flavorade x Flora & Flame | Galactic Peaches | Vape Cart | 1g
HEAVY HITTERS,HEAVY HITTERS: CLADE 9 J1 DIAMOND INFUSED SATIVA 2.5G PREROLL 5 PACK,Clade 9: J1 | Sativa - Diamond THCA-Infused Pre-Rolls - 2.5G 5-Pack
710 LABS,710 LABS: DONNY BURGER + SKYWALKER OG RSO INDICA 1G,Donny Burger + Skywalker OG RSO 1G
WEST COAST TRADING COMPANY,WEST COAST TRADING COMPANY: BAKE OFF BADDER INDICA 1G,Bake Off | Badder | 1g
RAW GARDEN,RAW GARDEN: CEREAL MILK LIVE RESIN BADDER HYBRID 1G,Cereal Milk Live Badder
710 LABS,710 LABS: TROPICANNA GRAPE CAKE #11 ROSIN GUMMIES HYBRID 100MG 10 PACK,710 Labs Tropicanna Grape Cake #11 Persy Rosin Badder 1g
YADA YADA,YADA YADA: MANGO MINTALITY PRE-GROUND SATIVA 3.5G,Yada Yada - Mango Mintality 3.5g Ground
710 LABS,710 LABS: GARLIC COCKTAIL #7 TIER 2 LIVE ROSIN BADDER INDICA 1G,710 Labs Garlic Cocktail #7 T2 Live Rosin Badder 1g
CAM,CAM: RED BANANA HYBRID 7G,CAM | Banana OG (7g)
CAM,CAM: KOSHER KUSH INDICA 7G,CAM | Kush Mints (7g)
UPNORTH,UPNORTH: GMO INDICA 1G PREROLL,GMO - 1g Preroll
WEST COAST TRADING COMPANY,WEST COAST TRADING COMPANY: SUNSET COOKIES BADDER INDICA 1G,Sunset Cookies | Badder | 1g
BAGGIE BUDS,BAGGIE BUDS: AFGHAN KUSH INDICA 3.5G,Afghan Kush 3.5g
KANHA,KANHA: FRUIT PUNCH FUSION NANO HYBRID 100MG 10 PACK,KANHA | NANO | Fruit Punch Fusion | Hybrid | 100mg THC | 10-pack
KANHA,KANHA: GALACTIC GRAPE NANO INDICA 100MG 10 PACK,KANHA | NANO | Galactic Grape | Indica | 100mg THC | 10-pack
KANHA,KANHA: TANGERINE TWIST NANO SATIVA 100MG 10 PACK,KANHA | NANO | Tangerine Twist | Sativa | 100mg THC | 10-pack
710 LABS,710 LABS: ZIMOSA #2 HYBRID 14G,Zimosa #2 (H) Flower 14g
BLEM,BLEM: CYATTIE HYBRID 3.5G,BLEM CYATTIE 3.5g
BLEM,BLEM: UPTOWN HYBRID 3.5G,BLEM UPTOWN 3.5g
DIME BAG,DIME BAG: GRAPE JUNKEY HYBRID 14G,Dime Bag | Grape Stank Indica (14g)
710 LABS,710 LABS: LOVER'S LANE #12 PERSY ROSIN BUCKET LIVE ROSIN BADDER 2.5G,Lovers Lane #12 Persy Rosin Badder 2.5g
710 LABS,710 LABS: GUIDE STONE #5 TIER 2 LIVE ROSIN HYBRID 1G,Guide Stone #5 T3 Live Rosin Badder 1g
710 LABS,710 LABS: THE SWEETIES #7 + 710 CHEM + DONNY BURGER CLOSE FRIENDS NEAPOLITAN 2G,(CF) The Sweeties #7 + 710 Chem + Donny Burger Persy Neapolitan 2g
STIIIZY,STIIIZY: PURPLE RUNTZ LIVE ROSIN BADDER INDICA 1G,- PURPLE RUNTZ - Live Rosin Badder
KINGROLL,KINGROLL: GSC X GELATO INFUSED HYBRID 3G PREROLL 4 PACK,Kingroll Jr. 3g 4-Pack GSC x Gelato Hybrid
710 LABS,710 LABS: BRITNEY'S FROZEN LEMONADE #5 SINGLE SATIVA 1G PREROLL,Britney's Frozen Lemons #5 Preroll 1g
710 LABS,710 LABS: ZIMOSA #2 SINGLE HYBRID 1G PREROLL,710 Labs Zimosa #2 Preroll 1g
RAW GARDEN,RAW GARDEN: GG4 LIVE RESIN INDICA 1G,GG4 Live Resin
DIME BAG,DIME BAG: ORIGINAL Z INDICA 3.5G,Dime Bag | Original Z Indica (3.5g)
RAW GARDEN,RAW GARDEN: SWEET FIRE OG CRUSHED DIAMONDS INDICA 1G,Sweet Fire OG Refined Live Resin��� Crushed Diamonds
710 LABS,710 LABS: DONNY BURGER PERSY INDICA 14G,Donny Burger Persy Rosin
WEST COAST TRADING COMPANY,WEST COAST TRADING COMPANY: DURBAN POISON SUGAR SATIVA 1G,Durban Poison | Sugar | 1g
HOTBOX,HOTBOX: KUSH MINTS INDICA 1G,HOTBOX | Kush Mints Indica Preroll (1g)
FLAVORADE,FLAVORADE: NO TILL KINGS JACKAPULCO CARTRIDGE SATIVA 1G,Flavorade x No Till Kings | Jackapulco | Vape Cart | 1g
FLAVORADE,FLAVORADE: WOODWIDE DUTCH GUM CARTRIDGE HYBRID 1G,Flavorade x Woodwide | Dutch Gum | Vape Cart | 1g
FLAVORADE,FLAVORADE: PEARL PHARMA DOUBLE BUBBLE CARTRIDGE HYBRID 1G,Flavorade x Pearl Pharma | Double Bubble | Vape Cart | 1g
FLAVORADE,FLAVORADE: PEARL PHARMA ROMULAN CARTRIDGE INDICA 1G,Flavorade x Pearl Pharma | Romulan | Vape Cart | 1g
FLAVORADE,FLAVORADE: SNOWTILL GOUDA GUAVA CARTRIDGE HYBRID 1G,Flavorade x Snowtill | Gouda Guava | Vape Cart | 1g
RAW GARDEN,RAW GARDEN: SUNDAY SELECTION 1:1 CARTRIDGE THC/ CBD 1G,Sunday Selection Refined Live Resin��� CBD 1:1 Cartridge
CAM,CAM: NINE LIONS SATIVA 1G PREROLL,CAM | Nine Lions (1g)